var_x,var_y,pearson_r,pearson_p,spearman_rho,spearman_p
sleephrsnight,daysmenthlthbad,-0.15345983832353002,4.86166678037559e-25,-0.12522702678896497,3.8530433999521323e-17
sleephrsnight,age,-0.008906717972943018,0.5509549708703803,-0.01624517213709625,0.2767231477001842
age,daysmenthlthbad,-0.043977883061242805,0.0032211090672356747,-0.12315156533707824,1.2663439051206862e-16
