metric,value
MAE,5.22976615369942
R2,0.030009349777766814
