,sexage,sexnumpartnlife,sexnumpartyear,age
sexage,1.0,-0.2889476522395284,-0.17170134296238393,0.19426248331969947
sexnumpartnlife,-0.2889476522395284,1.0,0.32375570405526494,0.059338385378939644
sexnumpartyear,-0.17170134296238393,0.32375570405526494,1.0,-0.20120030626395943
age,0.19426248331969947,0.059338385378939644,-0.20120030626395943,1.0
