model,rmse,r2
LinearRegression,1.368346302592159,0.08371268911447349
DecisionTree(max_depth=4),1.3482800194557252,0.110389657033378
